"Year","Unit","Fleet","Estimate_metric_tons","SD_log","SD_mt"
1990,1,1,2113.68087452804,1.23623212819435,2613.00020584148
1991,1,1,3091.34626084785,0.680437736531747,2103.4686525671
