"Year","Unit","Fleet","Estimate_metric_tons","SD_log","SD_mt"
2008,1,1,1135.13112517026,0.888500702117766,1008.56480170947
