"Year","Unit","Fleet","Estimate_metric_tons","SD_log","SD_mt"
2012,1,1,2468.25971140061,0.324810687419164,801.71713358906
2013,1,1,116.241631821293,0.453510922385298,52.7168496668469
2014,1,1,116.241631821293,0.453510922385298,52.7168496668469
2015,1,1,116.241631821293,0.453510922385298,52.7168496668469
2016,1,1,116.241631821293,0.453510922385298,52.7168496668469
2017,1,1,3332.25359094949,0.299389332642047,997.641178788435
2018,1,1,116.241631821293,0.453510922385298,52.7168496668469
2019,1,1,12208.5206189144,0.410354412305288,5009.82030369162
