"Year","Unit","Fleet","Estimate_metric_tons","SD_log","SD_mt"
2012,1,1,1867.5393271178,0.254224181923144,474.773657645821
2013,1,1,441.764067235687,0.585480114829153,258.644076812543
2014,1,1,441.764067235687,0.585480114829153,258.644076812543
2015,1,1,441.764067235687,0.585480114829153,258.644076812543
2016,1,1,441.764067235687,0.585480114829153,258.644076812543
2017,1,1,7431.84273294327,0.322956364475713,2400.16091038659
2018,1,1,441.764067235687,0.585480114829153,258.644076812543
2019,1,1,11083.9736465272,0.30048509120697,3330.56883211237
