"Year","Unit","Fleet","Estimate_metric_tons","SD_log","SD_mt"
2008,1,1,1612.25651999688,0.85239685050597,1374.282379853
