"Year","Unit","Fleet","Estimate_metric_tons","SD_log","SD_mt"
2012,1,1,2952.05654278661,0.228549361717809,674.690638608764
2013,1,1,257.116236112261,0.631176819884978,162.285808250132
2014,1,1,257.116236112261,0.631176819884978,162.285808250132
2015,1,1,257.116236112261,0.631176819884978,162.285808250132
2016,1,1,257.116236112261,0.631176819884978,162.285808250132
2017,1,1,16471.9065600189,0.200522118400833,3302.98159751556
2018,1,1,257.116236112261,0.631176819884978,162.285808250132
2019,1,1,14406.3105235378,0.2525770420564,3638.70329898113
