"Year","Unit","Fleet","Estimate_metric_tons","SD_log","SD_mt"
2012,1,1,3356.57840023155,0.25653051301739,861.06477899449
2013,1,1,262.764260021639,0.355036289924127,93.2908480027415
2014,1,1,262.764260021639,0.355036289924127,93.2908480027415
2015,1,1,262.764260021639,0.355036289924127,93.2908480027415
2016,1,1,262.764260021639,0.355036289924127,93.2908480027415
2017,1,1,15395.9852672258,0.190571614170573,2934.03776412158
2018,1,1,262.764260021639,0.355036289924127,93.2908480027415
2019,1,1,13274.944138725,0.23490624536919,3118.36728511363
