"Year","Unit","Fleet","Estimate_metric_tons","SD_log","SD_mt"
1990,1,1,2700.9328945452,0.809575182640394,2186.60824140087
1991,1,1,1397.36708381688,0.220846182758333,308.603186373103
