"Year","Unit","Fleet","Estimate_metric_tons","SD_log","SD_mt"
1990,1,1,2700.93289309775,0.809572814128216,2186.60184303661
1991,1,1,1397.36708272035,0.22084614240527,308.6031297429
