"Year","Unit","Fleet","Estimate_metric_tons","SD_log","SD_mt"
1990,1,1,2700.93289100717,0.809574064418215,2186.60521829353
1991,1,1,1397.3670814364,0.220846164451164,308.603160265544
