"Year","Unit","Fleet","Estimate_metric_tons","SD_log","SD_mt"
2012,1,1,49671.7424694852,0.243741392745956,12107.0596896308
2013,1,1,250.8125253662,0.681472391097541,170.921811378517
2014,1,1,250.8125253662,0.681472391097541,170.921811378517
2015,1,1,250.8125253662,0.681472391097541,170.921811378517
2016,1,1,250.8125253662,0.681472391097541,170.921811378517
2017,1,1,175342.976741223,0.201236987982013,35285.4925032035
2018,1,1,250.8125253662,0.681472391097541,170.921811378517
2019,1,1,90099.5446356863,0.251813247562338,22688.2589385999
