"Year","Unit","Fleet","Estimate_metric_tons","SD_log","SD_mt"
1990,1,1,46755.6249284283,0.598910257841371,28002.4233814195
1991,1,1,20693.8656560999,0.123869072744255,2563.3299503153
