"Year","Unit","Fleet","Estimate_metric_tons","SD_log","SD_mt"
2012,1,1,29185.0396362003,0.305425539844266,8913.85648626281
2013,1,1,437.951508120601,1.0632452727301,465.649870694245
2014,1,1,437.951508120601,1.0632452727301,465.649870694245
2015,1,1,437.951508120601,1.0632452727301,465.649870694245
2016,1,1,437.951508120601,1.0632452727301,465.649870694245
2017,1,1,20495.4919440095,0.241701170453503,4953.78439188746
2018,1,1,437.951508120601,1.0632452727301,465.649870694245
2019,1,1,19912.096215627,0.316578443911267,6303.7404349546
