"Year","Unit","Fleet","Estimate_metric_tons","SD_log","SD_mt"
2012,1,1,18282.7644773848,0.243778248736477,4456.94030635835
2013,1,1,264.080123571262,0.360072889308088,95.0880931031412
2014,1,1,264.080123571262,0.360072889308088,95.0880931031412
2015,1,1,264.080123571262,0.360072889308088,95.0880931031412
2016,1,1,264.080123571262,0.360072889308088,95.0880931031412
2017,1,1,15542.9235090588,0.188279103540855,2926.40770468966
2018,1,1,264.080123571262,0.360072889308088,95.0880931031412
2019,1,1,13363.4023373862,0.232303450736425,3104.36447655401
