"Year","Unit","Fleet","Estimate_metric_tons","SD_log","SD_mt"
2012,1,1,18282.7644769645,0.243778248747634,4456.94030645986
2013,1,1,264.080123625236,0.360072889883567,95.0880932745485
2014,1,1,264.080123625236,0.360072889883567,95.0880932745485
2015,1,1,264.080123625236,0.360072889883567,95.0880932745485
2016,1,1,264.080123625236,0.360072889883567,95.0880932745485
2017,1,1,15542.9235093614,0.18827910354469,2926.40770480627
2018,1,1,264.080123625236,0.360072889883567,95.0880932745485
2019,1,1,13363.4023374351,0.232303450736228,3104.36447656276
