"Year","Unit","Fleet","Estimate_metric_tons","SD_log","SD_mt"
1990,1,1,6674.58129038932,1.50707982790742,10059.126822474
1991,1,1,13887.4423716037,0.852568823931296,11840.0004101718
