"Year","Unit","Fleet","Estimate_metric_tons","SD_log","SD_mt"
1990,1,1,6674.58129035013,1.50707982788792,10059.1268222848
1991,1,1,13887.4423701529,0.852568823913,11840.0004086808
