"Year","Unit","Fleet","Estimate_metric_tons","SD_log","SD_mt"
2012,1,1,163.508583035718,0.62211513104222,101.721163561794
2013,1,1,1325.24008212664,1.13783371909467,1507.90285133948
2014,1,1,1325.24008212664,1.13783371909467,1507.90285133948
2015,1,1,1325.24008212664,1.13783371909467,1507.90285133948
2016,1,1,1325.24008212664,1.13783371909467,1507.90285133948
2017,1,1,1456.34478899091,0.572739941548219,834.106829320711
2018,1,1,1325.24008212664,1.13783371909467,1507.90285133948
2019,1,1,7982.53200476363,0.583078187101409,4654.44028981656
