"Year","Unit","Fleet","Estimate_metric_tons","SD_log","SD_mt"
2012,1,1,177.44332063125,0.641934305849101,113.90695485698
2013,1,1,236.375295800923,0.953508240186721,225.385792322754
2014,1,1,236.375295800923,0.953508240186721,225.385792322754
2015,1,1,236.375295800923,0.953508240186721,225.385792322754
2016,1,1,236.375295800923,0.953508240186721,225.385792322754
2017,1,1,935.725241403706,0.341219488115041,319.287687888099
2018,1,1,236.375295800923,0.953508240186721,225.385792322754
2019,1,1,4058.99003872059,0.399360083607678,1620.99860122618
