"Year","Unit","Fleet","Estimate_metric_tons","SD_log","SD_mt"
2012,1,1,815.695105555558,0.613954429937037,500.799623533793
2013,1,1,1282.73754330482,1.14341507042197,1466.70143841079
2014,1,1,1282.73754330482,1.14341507042197,1466.70143841079
2015,1,1,1282.73754330482,1.14341507042197,1466.70143841079
2016,1,1,1282.73754330482,1.14341507042197,1466.70143841079
2017,1,1,1453.68036056058,0.560810393334252,815.239054788254
2018,1,1,1282.73754330482,1.14341507042197,1466.70143841079
2019,1,1,7799.41954820777,0.569564525209761,4442.2726918867
