"Year","Unit","Fleet","Estimate_metric_tons","SD_log","SD_mt"
1990,1,1,204.158480951623,0.471410707441542,96.2424939355952
1991,1,1,70.5974310433878,0.229813044965171,16.2242105947997
