"Year","Unit","Fleet","Estimate_metric_tons","SD_log","SD_mt"
1990,1,1,204.158481363498,0.471410707538492,96.2424941495505
1991,1,1,70.5974310527177,0.229813045338655,16.2242106233107
