"Year","Unit","Fleet","Estimate_metric_tons","SD_log","SD_mt"
2012,1,1,815.695101474353,0.613954175428341,500.799413426619
2013,1,1,1282.73754011474,1.14341608200728,1466.70273236165
2014,1,1,1282.73754011474,1.14341608200728,1466.70273236165
2015,1,1,1282.73754011474,1.14341608200728,1466.70273236165
2016,1,1,1282.73754011474,1.14341608200728,1466.70273236165
2017,1,1,1453.68036631073,0.560810366438662,815.239018915407
2018,1,1,1282.73754011474,1.14341608200728,1466.70273236165
2019,1,1,7799.41956945182,0.56956455227487,4442.27291507869
