"Year","Unit","Fleet","Estimate_metric_tons","SD_log","SD_mt"
2012,1,1,9561.32089316439,0.247525081113731,2366.66672963493
2013,1,1,412.219655995198,0.552650022608315,227.813202205338
2014,1,1,412.219655995198,0.552650022608315,227.813202205338
2015,1,1,412.219655995198,0.552650022608315,227.813202205338
2016,1,1,412.219655995198,0.552650022608315,227.813202205338
2017,1,1,6794.73795148053,0.311670394675714,2117.71865905599
2018,1,1,412.219655995198,0.552650022608315,227.813202205338
2019,1,1,10669.1254079324,0.293935118015472,3136.03063590247
