"Year","Unit","Fleet","Estimate_metric_tons","SD_log","SD_mt"
2014,1,1,238724.235075844,0.212007228379683,50611.2634254896
2015,1,1,68090.8410806323,0.237210686743006,16151.8751736457
