"Year","Unit","Fleet","Estimate_metric_tons","SD_log","SD_mt"
1990,1,1,67579.3592299266,0.397093710259617,26835.3384935791
1991,1,1,113043.76093496,0.310263419817541,35073.3438567173
