"Year","Unit","Fleet","Estimate_metric_tons","SD_log","SD_mt"
1990,1,1,67579.3592276076,0.397093710289831,26835.3384947001
1991,1,1,113043.760925934,0.310263419839476,35073.3438563965
