"Year","Unit","Fleet","Estimate_metric_tons","SD_log","SD_mt"
1990,1,1,206.5614740657,0.895914193974835,185.061356543826
1991,1,1,5175.59286045185,0.38663346159356,2001.0573834354
