"Year","Unit","Fleet","Estimate_metric_tons","SD_log","SD_mt"
1990,1,1,206.561477014152,0.895914195153831,185.061359428921
1991,1,1,5175.5929343279,0.386633464118648,2001.0574250672
