"Year","Unit","Fleet","Estimate_metric_tons","SD_log","SD_mt"
2012,1,1,9534.15587907361,0.247548608862804,2360.16702454579
2013,1,1,8.68638459760372e-07,0.553128624863255,4.8046879675059e-07
2014,1,1,8.68638459760372e-07,0.553128624863255,4.8046879675059e-07
2015,1,1,8.68638459760372e-07,0.553128624863255,4.8046879675059e-07
2016,1,1,8.68638459760372e-07,0.553128624863255,4.8046879675059e-07
2017,1,1,6843.91376260468,0.310884565929817,2127.66715934847
2018,1,1,8.68638459760372e-07,0.553128624863255,4.8046879675059e-07
2019,1,1,10766.8472295816,0.291201684968121,3135.32405504854
