"Year","Unit","Fleet","Estimate_metric_tons","SD_log","SD_mt"
2012,1,1,9561.32089526926,0.247525081133419,2366.66673034419
2013,1,1,412.219656544644,0.552650023972219,227.813203071218
2014,1,1,412.219656544644,0.552650023972219,227.813203071218
2015,1,1,412.219656544644,0.552650023972219,227.813203071218
2016,1,1,412.219656544644,0.552650023972219,227.813203071218
2017,1,1,6794.73795514889,0.311670394809206,2117.71866110635
2018,1,1,412.219656544644,0.552650023972219,227.813203071218
2019,1,1,10669.1254159206,0.293935118069266,3136.03063882442
