"Year","Unit","Fleet","Estimate_metric_tons","SD_log","SD_mt"
1990,1,1,58.0299457069577,0.438726651991764,25.459283795275
1991,1,1,48.1652304361869,0.272255655261514,13.1132563732255
