"Year","Unit","Fleet","Estimate_metric_tons","SD_log","SD_mt"
2014,1,1,238724.235075865,0.21200722837115,50611.2634234571
2015,1,1,68090.8410806284,0.237210686732397,16151.8751729224
