"Year","Unit","Fleet","Estimate_metric_tons","SD_log","SD_mt"
1990,1,1,85.0255256148057,0.667360641579328,56.7426893249208
1991,1,1,2865.85643019002,0.401984366674309,1152.02948206933
