"Year","Unit","Fleet","Estimate_metric_tons","SD_log","SD_mt"
1990,1,1,456.573830437995,0.535073722503884,244.300659050318
1991,1,1,719.71667854579,0.26119334682001,187.985208031567
