"Year","Unit","Fleet","Estimate_metric_tons","SD_log","SD_mt"
1990,1,1,2803.02671077391,0.264381304403729,741.067858072895
1991,1,1,2033.38416500922,0.478488246837575,972.950424262217
