"Year","Unit","Fleet","Estimate_metric_tons","SD_log","SD_mt"
1990,1,1,46706.8183706142,0.604902470128314,28253.0698042191
1991,1,1,20946.95432323,0.119151786414957,2495.86702756536
