"Year","Unit","Fleet","Estimate_metric_tons","SD_log","SD_mt"
1990,1,1,46706.8183653737,0.604902470201066,28253.069804447
1991,1,1,20946.9543056173,0.119151786318447,2495.86702344519
