"Year","Unit","Fleet","Estimate_metric_tons","SD_log","SD_mt"
2012,1,1,245326.397523518,0.242494671572889,59490.3441956257
2013,1,1,234.47249253103,0.582667913248032,136.61959793712
2014,1,1,234.47249253103,0.582667913248032,136.61959793712
2015,1,1,234.47249253103,0.582667913248032,136.61959793712
2016,1,1,234.47249253103,0.582667913248032,136.61959793712
2017,1,1,171422.868865414,0.204737715099666,35096.7264873345
2018,1,1,234.47249253103,0.582667913248032,136.61959793712
2019,1,1,87167.1271408994,0.256432962059362,22352.5246069458
