"Year","Unit","Fleet","Estimate_metric_tons","SD_log","SD_mt"
2012,1,1,239193.237605237,0.243812819317753,58318.3776222745
2013,1,1,4194.42181601246,0.582667913380475,2443.95500737352
2014,1,1,4194.42181601246,0.582667913380475,2443.95500737352
2015,1,1,4194.42181601246,0.582667913380475,2443.95500737352
2016,1,1,4194.42181601246,0.582667913380475,2443.95500737352
2017,1,1,171422.868874391,0.204737714216449,35096.7263377688
2018,1,1,4194.42181601246,0.582667913380475,2443.95500737352
2019,1,1,87167.1271439669,0.256432961077415,22352.5245221389
