"Year","Unit","Fleet","Estimate_metric_tons","SD_log","SD_mt"
2012,1,1,245326.397568571,0.242494671615817,59490.344217082
2013,1,1,234.472492538343,0.582667913377129,136.61959797165
2014,1,1,234.472492538343,0.582667913377129,136.61959797165
2015,1,1,234.472492538343,0.582667913377129,136.61959797165
2016,1,1,234.472492538343,0.582667913377129,136.61959797165
2017,1,1,171422.868887893,0.204737715145431,35096.7264997821
2018,1,1,234.472492538343,0.582667913377129,136.61959797165
2019,1,1,87167.1271526634,0.256432962094652,22352.5246130386
