"Year","Unit","Fleet","Estimate_metric_tons","SD_log","SD_mt"
1990,1,1,514.831436174626,1.58113243988828,814.016684809852
1991,1,1,1196.9266781169,10.0200783553607,11993.2991003531
