"Year","Unit","Fleet","Estimate_metric_tons","SD_log","SD_mt"
1990,1,1,2845.78900413084,0.240394268559242,684.111366121966
1991,1,1,1836.40132745134,0.178945482541358,328.61572168037
