"Year","Unit","Fleet","Estimate_metric_tons","SD_log","SD_mt"
1990,1,1,2845.78902278394,0.240394270061384,684.111374880848
1991,1,1,1836.40133909833,0.178945483760741,328.615726003822
