"Year","Unit","Fleet","Estimate_metric_tons","SD_log","SD_mt"
1990,1,1,353.897691931466,1.07786822747566,381.455077909899
1991,1,1,4.91103082764902,1.17742785350244,5.78238448588312
