"Year","Unit","Fleet","Estimate_metric_tons","SD_log","SD_mt"
1990,1,1,353.897691858906,1.07786822579175,381.455077235753
1991,1,1,4.9110308259113,1.17742785002405,5.78238446675455
