"Year","Unit","Fleet","Estimate_metric_tons","SD_log","SD_mt"
1990,1,1,62858.8199234551,0.494964283696416,31112.8707774148
1991,1,1,81833.603633885,0.231719529035663,18962.4440933345
